{"cameraMode":{"drawMode":0,"name":"Shaded","section":"Shading Mode"},"sceneLighting":false,"audioPlay":false,"sceneViewState":{"showFog":true,"showMaterialUpdate":false,"showSkybox":false,"showFlares":true,"showImageEffects":true,"showParticleSystems":true},"in2DMode":false,"pivot":{"x":-0.0023087358567863704,"y":-0.04597793519496918,"z":1.9593688249588013},"rotation":{"x":0.002690404187887907,"y":-0.0009028551285155118,"z":-0.0000023216316549223849,"w":-0.9999971389770508},"size":0.21650634706020356,"orthographic":false}