{"cameraMode":{"drawMode":0,"name":"Shaded","section":"Shading Mode"},"sceneLighting":false,"audioPlay":false,"sceneViewState":{"showFog":true,"showMaterialUpdate":false,"showSkybox":false,"showFlares":true,"showImageEffects":true,"showParticleSystems":true},"in2DMode":false,"pivot":{"x":0.04565422981977463,"y":0.055713821202516559,"z":-0.037310294806957248},"rotation":{"x":0.0925554633140564,"y":0.011050764471292496,"z":0.0010208167368546129,"w":-0.9956799745559692},"size":-0.04999899864196777,"orthographic":false}