{"cameraMode":{"drawMode":0,"name":"Shaded","section":"Shading Mode"},"sceneLighting":false,"audioPlay":false,"sceneViewState":{"showFog":true,"showMaterialUpdate":false,"showSkybox":false,"showFlares":true,"showImageEffects":true,"showParticleSystems":true},"in2DMode":false,"pivot":{"x":0.03170778602361679,"y":0.15357181429862977,"z":1.1496814489364625},"rotation":{"x":-0.0018090057419613004,"y":-0.023400982841849328,"z":0.000035785666113952175,"w":-0.9997662305831909},"size":0.4025176763534546,"orthographic":false}