{"cameraMode":{"drawMode":0,"name":"Shaded","section":"Shading Mode"},"sceneLighting":false,"audioPlay":false,"sceneViewState":{"showFog":true,"showMaterialUpdate":false,"showSkybox":false,"showFlares":true,"showImageEffects":true,"showParticleSystems":true},"in2DMode":false,"pivot":{"x":0.03580000251531601,"y":0.008819999173283577,"z":0.0},"rotation":{"x":0.002689395099878311,"y":0.0335923433303833,"z":0.0000827468975330703,"w":-0.9994672536849976},"size":0.08324572443962097,"orthographic":false}