{"cameraMode":{"drawMode":0,"name":"Shaded","section":"Shading Mode"},"sceneLighting":false,"audioPlay":false,"sceneViewState":{"showFog":true,"showMaterialUpdate":false,"showSkybox":false,"showFlares":true,"showImageEffects":true,"showParticleSystems":true},"in2DMode":false,"pivot":{"x":0.20648178458213807,"y":-0.3563346862792969,"z":0.4915992021560669},"rotation":{"x":-0.11995933204889298,"y":-0.03216364234685898,"z":0.0038868794217705728,"w":-0.9922739267349243},"size":0.40710675716400149,"orthographic":false}