{"cameraMode":{"drawMode":0,"name":"Shaded","section":"Shading Mode"},"sceneLighting":false,"audioPlay":false,"sceneViewState":{"showFog":true,"showMaterialUpdate":false,"showSkybox":false,"showFlares":true,"showImageEffects":true,"showParticleSystems":true},"in2DMode":false,"pivot":{"x":-0.09709999710321427,"y":0.041200000792741778,"z":0.0},"rotation":{"x":-0.0063094268552958969,"y":0.0020966362208127977,"z":-0.000017589927665540017,"w":-0.9999868869781494},"size":0.05125884339213371,"orthographic":false}