{"cameraMode":{"drawMode":0,"name":"Shaded","section":"Shading Mode"},"sceneLighting":false,"audioPlay":false,"sceneViewState":{"showFog":true,"showMaterialUpdate":false,"showSkybox":false,"showFlares":true,"showImageEffects":true,"showParticleSystems":true},"in2DMode":false,"pivot":{"x":0.10898533463478089,"y":-0.01803966611623764,"z":1.1192660331726075},"rotation":{"x":0.031164906919002534,"y":-0.03687693178653717,"z":-0.0011578958947211505,"w":-0.9988638162612915},"size":0.3535533547401428,"orthographic":false}