{"cameraMode":{"drawMode":0,"name":"Shaded","section":"Shading Mode"},"sceneLighting":false,"audioPlay":false,"sceneViewState":{"showFog":true,"showMaterialUpdate":false,"showSkybox":false,"showFlares":true,"showImageEffects":true,"showParticleSystems":true},"in2DMode":false,"pivot":{"x":-0.125,"y":0.19750002026557923,"z":0.974994957447052},"rotation":{"x":-0.06625503301620484,"y":-0.01586730405688286,"z":0.0010525312973186374,"w":-0.9977179765701294},"size":0.4025176763534546,"orthographic":false}