{"cameraMode":{"drawMode":0,"name":"Shaded","section":"Shading Mode"},"sceneLighting":false,"audioPlay":false,"sceneViewState":{"showFog":true,"showMaterialUpdate":false,"showSkybox":false,"showFlares":true,"showImageEffects":true,"showParticleSystems":true},"in2DMode":false,"pivot":{"x":0.05103723704814911,"y":0.03313087671995163,"z":-0.006573602557182312},"rotation":{"x":0.002689395099878311,"y":0.0335923433303833,"z":0.0000827468975330703,"w":-0.9994672536849976},"size":0.10078300535678864,"orthographic":false}