{"cameraMode":{"drawMode":0,"name":"Shaded","section":"Shading Mode"},"sceneLighting":false,"audioPlay":false,"sceneViewState":{"showFog":true,"showMaterialUpdate":false,"showSkybox":false,"showFlares":true,"showImageEffects":true,"showParticleSystems":true},"in2DMode":false,"pivot":{"x":-0.066314697265625,"y":-0.1973419189453125,"z":0.07299983501434326},"rotation":{"x":-0.013804417103528977,"y":-0.02639780007302761,"z":0.0003631561703514308,"w":-0.9995667338371277},"size":326.2052917480469,"orthographic":false}